{
    "8": [
        0.8571428571428571,
        0.09523809523809523,
        0.047619047619047616
    ],
    "9": [
        0.8775510204081632,
        0.12244897959183673
    ],
    "10": [
        0.8848484848484849,
        0.07272727272727272,
        0.04242424242424243
    ],
    "11": [
        0.8659420289855072,
        0.11231884057971014,
        0.010869565217391304,
        0.010869565217391304
    ],
    "12": [
        0.8745404411764706,
        0.0859375,
        0.03676470588235294,
        0.0009191176470588235,
        0.001838235294117647
    ],
    "13": [
        0.8788546255506607,
        0.09901882258710452,
        0.015818982779335203,
        0.0062074489387264715,
        0.00010012014417300761
    ],
    "14": [
        0.8782891935621221,
        0.09384314059439666,
        0.023822702886826193,
        0.0031933918078855487,
        0.0008302818700502427,
        0.0,
        2.1289278719236993e-05
    ],
    "15": [
        0.8885322531613585,
        0.09043676690631008,
        0.016972439033056577,
        0.0036400532189993407,
        0.00030794376473096375,
        0.00011054391554444852
    ],
    "16": [
        0.8900968888280808,
        0.08941207815914827,
        0.01756024497643488,
        0.00241231939108738,
        0.0004803035921956067,
        3.168419498741633e-05,
        6.480858065607887e-06
    ],
    "17": [
        0.8979443819518059,
        0.08455814834815586,
        0.014959781547976114,
        0.002264263025534703,
        0.00022760592957527342,
        4.3832456704894446e-05,
        1.8625689817943816e-06,
        1.2417126545295877e-07
    ],
    "18": [
        0.9003691714243177,
        0.08359273703610287,
        0.013964581537832085,
        0.0018147382076823275,
        0.0002340548404766158,
        2.096693799790521e-05,
        3.6878606359951857e-06,
        6.21549545392447e-08
    ],
    "19": [
        0.9047873832176662,
        0.0804795874683439,
        0.012962862563521482,
        0.0015802340707423512,
        0.00016719112363917216,
        2.071151887696697e-05,
        1.8415949373647223e-06,
        1.8844227266057624e-07
    ]
}